"Timestamp","Do you have a smartphone?","Please select your age group","Which type of service you are comfortable when you need emergency help service in our application ?"," Which type of emergency you face more often?","How many apps you have currently installed on phone that you don’t use on daily basis?","How many applications do you have on your mobile phone?","What do you prefer to use when using Internet on your smartphone?","Why do you use more applications rather than web browsers?","Will you use website if you are in case if emergency ?","Describe if you were in any emergency before and need of any kind of specific service so that we can consider that as user requirement.","Why do you use more web browsers rather than applications?","Would you use minimal size app which cost ~ 5 MB on your phone which you can’t use on daily basis ?","Describe if you were in any emergency before and need of any kind of specific service so that we can consider that as user requirement.",""
"2018/01/22 2:26:19 PM GMT","Yes","18- 25 yrs","Emergency call","Accidents","5 – 15","20+","Android application","It is easier to find, straight on my main screen, application list","","","Usually I search for a general term, rather than needing a specific application.","3","On an accidental requirements","3"
"2018/01/22 2:35:19 PM GMT","Yes","18- 25 yrs","Emergency call","Robbery","1 – 5","20+","Android application","It is easier to find, straight on my main screen, application list","","","I don’t want to install applications for random use.","2","You should make an application from that I can also know about my complaint status","3"
"2018/01/22 3:32:07 PM GMT","Yes","18- 25 yrs","Emergency call","Accidents","5 – 15","20+","Web application","","","","More used to it (from experience with computers);Because the application related to the website I want to visit doesn’t exist or I cannot find it.","3","",""
"2018/01/22 3:34:13 PM GMT","Yes","18- 25 yrs","Emergency call","Submissions :)","1 – 5","5 – 15","Android application","Better use, tailored to mobile phone","3","","","","",""
"2018/01/22 3:54:03 PM GMT","Yes","18- 25 yrs","Emergency call","Medical emergency ","20+","20+","Android application","I prefer apps","1","","","","",""
"2018/01/22 4:12:15 PM GMT","No","18- 25 yrs","Emergency call","didnt have any  money when go to restorant","20+","0","Android application","my life my rule","5","When i dont have money to pay my bill at restaurant i have to wash vessels at back of kitchen","","","",""
"2018/01/22 4:27:09 PM GMT","Yes","Below 18 yrs","Emergency call","Accidents","1 – 5","20+","Android application","It is easier to find, straight on my main screen, application list","2","","","","",""
"2018/01/22 4:31:53 PM GMT","Yes","18- 25 yrs","Emergency call","Accidents","1 – 5","5 – 15","Web application","","","","More used to it (from experience with computers)","4","",""
"2018/01/22 4:38:28 PM GMT","Yes","Below 18 yrs","Emergency call","Accidents","1 – 5","5 – 15","Android application","It is easier to find, straight on my main screen, application list","3","","","","",""
"2018/01/22 4:46:17 PM GMT","Yes","18- 25 yrs","Emergency call","Accidents","1 – 5","5 – 15","Android application","It is easier to find, straight on my main screen, application list","1","","","","",""
"2018/01/22 4:46:50 PM GMT","Yes","18- 25 yrs","Message","Accidents","5 – 15","20+","Web application","","","","More used to it (from experience with computers)","5","",""
"2018/01/22 4:47:29 PM GMT","Yes","18- 25 yrs","Emergency call","Accidents","5 – 15","20+","Android application","It is easier to find, straight on my main screen, application list","2","","","","",""
"2018/01/22 4:53:30 PM GMT","Yes","18- 25 yrs","Emergency call","Accidents","1 – 5","1 – 5","Android application","It is easier to find, straight on my main screen, application list","1","","","","",""
"2018/01/22 4:54:26 PM GMT","Yes","18- 25 yrs","Emergency call","Accidents","20+","20+","Android application","It is easier to find, straight on my main screen, application list","1","","","","",""
"2018/01/22 4:55:21 PM GMT","Yes","18- 25 yrs","Emergency call","Robbery","1 – 5","5 – 15","Web application","","","","More used to it (from experience with computers);I don’t want to install applications for random use.;Usually I search for a general term, rather than needing a specific application.","4","",""
"2018/01/22 4:57:00 PM GMT","Yes","18- 25 yrs","Emergency call","Fire","0","1 – 5","Android application","Better use, tailored to mobile phone","3","nothing","","","",""
"2018/01/22 5:00:24 PM GMT","Yes","18- 25 yrs","Emergency call","Accidents","1 – 5","20+","Android application","Better use, tailored to mobile phone","3","","","","",""
"2018/01/22 5:02:07 PM GMT","Yes","18- 25 yrs","Emergency call","Accidents","5 – 15","20+","Android application","Better use, tailored to mobile phone","4","","","","",""
"2018/01/22 5:04:05 PM GMT","Yes","18- 25 yrs","Emergency call","Fire","20+","20+","Web application","","","","More used to it (from experience with computers)","1","",""
"2018/01/22 5:05:01 PM GMT","No","18- 25 yrs","Emergency call","......................././/./.","20+","5 – 15","Web application","","","","Because the application related to the website I want to visit doesn’t exist or I cannot find it.;I don’t want to install applications for random use.;The applications from some websites are not functional, don’t work well.;............;./>?","2","",""
"2018/01/22 5:12:31 PM GMT","Yes","18- 25 yrs","Emergency call","Accidents","1 – 5","5 – 15","Android application","Better use, tailored to mobile phone","1","","","","",""
"2018/01/22 5:13:24 PM GMT","Yes","18- 25 yrs","Emergency call","Earthquakes","1 – 5","20+","Android application","I am saving size on my phone.","1","","","","",""
"2018/01/22 5:14:44 PM GMT","Yes","18- 25 yrs","Emergency call","Accidents","5 – 15","20+","Android application","It is easier to find, straight on my main screen, application list","1","","","","",""
"2018/01/22 5:14:48 PM GMT","Yes","18- 25 yrs","Emergency call","Robbery","5 – 15","20+","Android application","Better use, tailored to mobile phone","4","","","","",""
"2018/01/22 5:24:07 PM GMT","Yes","18- 25 yrs","Emergency call","Accidents","1 – 5","1 – 5","Android application","It is easier to find, straight on my main screen, application list","1","","","","",""
"2018/01/22 5:32:40 PM GMT","Yes","18- 25 yrs","Emergency call","Accidents","20+","20+","Android application","Better use, tailored to mobile phone","3","emergency accesses must have most simple to understand gui. 3 click rule !!","","","",""
"2018/01/22 5:41:03 PM GMT","Yes","18- 25 yrs","Emergency call","Accidents","0","1 – 5","Web application","","","","More used to it (from experience with computers)","1","",""
"2018/01/22 5:52:35 PM GMT","Yes","18- 25 yrs","Emergency call","Accidents","20+","20+","Android application","It is faster (Internet Speed)","2","","","","",""
"2018/01/22 6:18:33 PM GMT","Yes","Below 18 yrs","Emergency call","None","5 – 15","1 – 5","Android application","It is faster (Internet Speed)","3","","","","",""
"2018/01/22 6:18:59 PM GMT","Yes","18- 25 yrs","Emergency call","Accidents","1 – 5","5 – 15","Android application","It is easier to find, straight on my main screen, application list","3","","","","",""
"2018/01/22 6:38:07 PM GMT","Yes","18- 25 yrs","Emergency call","Accidents","1 – 5","5 – 15","Android application","It is easier to find, straight on my main screen, application list","3","","","","",""
"2018/01/22 6:54:40 PM GMT","Yes","18- 25 yrs","Emergency call","Accidents","1 – 5","5 – 15","Android application","It is easier to find, straight on my main screen, application list","2","","","","",""
"2018/01/22 7:11:26 PM GMT","Yes","18- 25 yrs","Emergency call","Accidents","5 – 15","20+","Android application","It is easier to find, straight on my main screen, application list","1","","","","",""
"2018/01/23 12:03:14 AM GMT","Yes","18- 25 yrs","Emergency call","Accidents","1 – 5","5 – 15","Web application","","","","More used to it (from experience with computers)","3","",""
"2018/01/23 2:45:05 AM GMT","Yes","18- 25 yrs","Emergency call","Accidents","1 – 5","20+","Android application","It is easier to find, straight on my main screen, application list","4","","","","",""
"2018/01/23 3:41:00 AM GMT","Yes","18- 25 yrs","Emergency call","Earthquakes","1 – 5","5 – 15","Web application","","","","More used to it (from experience with computers);I don’t want to install applications for random use.;Usually I search for a general term, rather than needing a specific application.","3","",""
"2018/01/23 5:48:15 AM GMT","Yes","18- 25 yrs","Emergency call","Accidents","5 – 15","20+","Android application","It is easier to find, straight on my main screen, application list","4","","","","",""
"2018/01/23 6:39:14 AM GMT","Yes","18- 25 yrs","Emergency call","Accidents","1 – 5","20+","Android application","Better use, tailored to mobile phone","2","","","","",""
"2018/01/23 6:45:38 AM GMT","Yes","18- 25 yrs","Emergency call","Robbery","1 – 5","20+","Web application","","","","More used to it (from experience with computers)","5","",""
"2018/01/23 7:00:02 AM GMT","Yes","Below 18 yrs","Emergency call","Accidents","5 – 15","20+","Web application","","","","More used to it (from experience with computers)","4","",""
"2018/01/23 7:31:23 AM GMT","Yes","18- 25 yrs","Emergency call","Accidents","5 – 15","20+","Android application","It is easier to find, straight on my main screen, application list","3","","","","",""
"2018/01/23 7:34:29 AM GMT","Yes","Below 18 yrs","Emergency call","Accidents","5 – 15","5 – 15","Android application","It is easier to find, straight on my main screen, application list","4","","","","",""
"2018/01/23 7:42:15 AM GMT","Yes","18- 25 yrs","Emergency call","Accidents","1 – 5","20+","Android application","It is easier to find, straight on my main screen, application list","3","","","","",""
"2018/01/23 9:25:20 AM GMT","Yes","18- 25 yrs","Emergency call","Accidents","5 – 15","20+","Android application","It is faster (Internet Speed)","4","","","","",""
"2018/01/23 10:12:54 AM GMT","Yes","18- 25 yrs","Emergency call","Robbery","1 – 5","20+","Android application","It is easier to find, straight on my main screen, application list","4","","","","",""
"2018/01/23 10:32:18 AM GMT","Yes","18- 25 yrs","Emergency call","Accidents","5 – 15","20+","Android application","Better use, tailored to mobile phone","1","","","","",""
"2018/01/23 12:08:10 PM GMT","Yes","18- 25 yrs","Emergency call","Robbery","1 – 5","5 – 15","Android application","It is easier to find, straight on my main screen, application list","3","","","","",""
"2018/01/23 12:22:45 PM GMT","Yes","18- 25 yrs","Emergency call","Accidents","1 – 5","20+","Web application","","","","Usually I search for a general term, rather than needing a specific application.","4","",""
"2018/01/23 1:09:58 PM GMT","Yes","18- 25 yrs","Emergency call","Accidents","5 – 15","20+","Android application","Better use, tailored to mobile phone","2","","","","",""
"2018/01/23 6:45:19 PM GMT","Yes","18- 25 yrs","Emergency call","Accidents","5 – 15","20+","Web application","","","","Because the application related to the website I want to visit doesn’t exist or I cannot find it.;I don’t want to install applications for random use.;The applications from some websites are not functional, don’t work well.;Usually I search for a general term, rather than needing a specific application.","1","",""
"2018/01/28 7:12:16 PM GMT","Yes","18- 25 yrs","Emergency call","Accidents","20+","20+","Web application","","","","I don’t want to install applications for random use.","2","",""